<?xml version="1.0" encoding="UTF-8"?>
<project-private xmlns="http://www.netbeans.org/ns/project-private/1">
    <editor-bookmarks xmlns="http://www.netbeans.org/ns/editor-bookmarks/1"/>
    <open-files xmlns="http://www.netbeans.org/ns/projectui-open-files/1">
        <file>file:/F:/COSC%201320/LECTURES/CLASS%20PARTICIPATION%20ON%20LECTURE%205/InheritanceDemo/src/Inheritance/Date.java</file>
        <file>file:/F:/COSC%201320/LECTURES/CLASS%20PARTICIPATION%20ON%20LECTURE%205/InheritanceDemo/src/Inheritance/Employee.java</file>
        <file>file:/F:/COSC%201320/LECTURES/CLASS%20PARTICIPATION%20ON%20LECTURE%205/InheritanceDemo/src/Inheritance/HourlyEmployee.java</file>
        <file>file:/F:/COSC%201320/LECTURES/CLASS%20PARTICIPATION%20ON%20LECTURE%205/InheritanceDemo/src/Inheritance/InheritanceDemo.java</file>
        <file>file:/F:/COSC%201320/LECTURES/CLASS%20PARTICIPATION%20ON%20LECTURE%205/InheritanceDemo/src/Inheritance/SalariedEmployee.java</file>
    </open-files>
</project-private>
